t,blocks,headers,progress,chainstates,snapshot_blocks,rss_mb,cpu_s,disk_mb,phase
1,5308,151926,0.0004,1,,107,1,40,sync
28,151926,151926,0.9999,2,151926,2781,53,2976,snapshot
38,151926,151926,0.9999,2,151926,2784,64,3594,background
48,151926,151926,0.9999,2,151926,2969,76,4148,background
58,151926,151926,0.9999,2,151926,3126,87,4808,background
68,151926,151926,0.9999,2,151926,3327,99,5525,background
79,151926,151926,0.9999,2,151926,3493,110,6155,background
89,151926,151926,0.9999,2,151926,3641,140,6659,background
99,151926,151926,0.9999,2,151926,3772,195,7048,background
109,151926,151926,0.9999,2,151926,3896,252,7498,background
120,151926,151926,0.9999,2,151926,4105,307,7877,background
130,151926,151926,0.9999,2,151926,4238,348,8141,background
140,151927,151927,1.0000,2,151927,4255,440,8647,background
150,151927,151927,1.0000,2,151927,4259,491,9614,background
162,151927,151927,1.0000,2,151927,4185,515,11284,background
172,151927,151927,1.0000,2,151927,4879,546,13109,background
182,151927,151927,1.0000,2,151927,4976,586,13552,background
192,151927,151927,1.0000,2,151927,4988,629,14223,background
202,151927,151927,1.0000,2,151927,4992,671,14601,background
213,151927,151927,1.0000,1,151927,5091,730,15815,background
